1,java
2,c++
3,performance
4,cpu-architecture
5,branch-prediction
7,methods
8,parameter-passing
9,pass-by-reference
10,pass-by-value
12,date
13,timezone
15,string
16,io
17,stream
18,inputstream
20,nullpointerexception
21,null
23,collections
24,hashmap
25,hashtable
27,random
28,integer
30,arrays
31,arraylist
32,type-conversion
34,android
35,usermanager
37,dictionary
39,iteration
42,security
43,passwords
44,char
46,casting
47,operators
48,variable-assignment
49,assignment-operator
51,loops
55,memory
56,memory-leaks
58,private
59,public
60,protected
61,access-modifiers
65,linked-list
71,serialization
72,serialversionuid
76,initialization
78,unit-testing
79,junit
80,tdd
84,for-loop
85,system.out
87,build
88,maven-2
89,executable-jar
90,build-automation
93,android-networking
94,networkonmainthread
98,error-handling
99,return
100,try-catch-finally
102,constructor
104,spring
105,spring-mvc
106,annotations
107,inversion-of-control
109,reflection
110,terminology
115,printing
116,tostring
118,dependency-injection
120,javabeans
121,serializable
123,enums
125,multithreading
126,runnable
127,implements
128,java-threads
130,exception
132,junit4
133,assert
138,parameters
139,overloading
140,default-parameters
142,http
143,httprequest
144,httpurlconnection
145,urlconnection
147,inner-classes
148,static-classes
151,nested-loops
155,alphanumeric
158,split
160,class
161,program-entry-point
166,sorting
170,oop
171,setter
172,getter
173,abstraction
176,file
177,file-io
180,jsp
181,scriptlet
183,stringbuilder
184,stringbuffer
186,jvm
187,incompatibility
188,unsupported-class-version
190,stack-trace
193,foreach
194,syntactic-sugar
200,maven
201,dependencies
202,libraries
203,mvn-repo
205,field
206,transient
208,apache-camel
209,soa
210,enterprise-integration
215,math
216,optimization
217,perfect-square
220,concatenation
221,addition
225,memory-management
229,decimal
230,rounding
231,digits
233,unicode
234,comments
236,jar
237,manifest
240,java-io
242,macos
247,ide
250,wait
251,sleep
254,json
255,parsing
258,list
261,eclipse
262,overriding
263,superclass
269,java-8
270,installation
274,comparator
281,jaxb
282,java-9
283,java-11
284,java-10
286,hibernate
287,hbm2ddl
290,servlets
291,session-variables
292,instance-variables
297,idioms
300,generics
302,instantiation
305,sdk
306,windows-7-x64
307,jdk6
309,formatting
310,zero-pad
313,mocking
314,mockito
315,void
320,command-line
321,classpath
327,method-reference
330,keyword
331,synchronized
336,download
337,android-asynctask
345,spring-data-jpa
346,spring-repositories
348,kotlin
349,static
350,static-methods
353,dependency-management
356,jackson
359,merge
360,java-5
364,java-stream
366,hash
367,md5
368,hashcode
371,spring-boot
372,server
373,port
374,application.properties
380,text
382,ascii
383,text-files
387,android-edittext
388,keylistener
391,numeric
393,lambda
398,user-interface
399,android-recyclerview
404,optional-parameters
406,variadic-functions
412,switch-statement
419,windows
421,32bit-64bit
423,timing
424,execution-time
427,data-binding
430,hyperlink
431,javadoc
440,time
441,data-conversion
448,file-exists
450,websphere
451,slf4j
454,benchmarking
455,jvm-hotspot
456,microbenchmark
462,concurrency
463,thread-local
464,thread-confinement
466,ssl-certificate
471,java-native-interface
473,garbage-collection
474,out-of-memory
475,heap-memory
478,java.util.scanner
480,intellij-idea
491,hashset
505,object
506,copy
507,clone
518,url
523,handler
524,delay
526,reference
527,weak-references
528,soft-references
531,jpa
532,orm
533,entity
538,maven-metadata
541,inheritance
542,polymorphism
545,super
546,bounded-wildcard
547,pecs
557,bytecode
558,jit
562,android-intent
563,android-activity
566,try-catch
567,multi-catch
574,jsf
576,jakarta-ee
579,debugging
582,gradle
583,testing
586,settings
588,linq
590,datetime
595,singleton
596,design-patterns
600,set
602,whitespace
605,wsdl
606,stub
607,wsdl2java
611,volatile
619,encoding
620,urlencode
624,build.gradle
625,gradle-eclipse
627,difference
630,interface
631,extends
635,hex
640,raw-types
643,classloader
645,xerces
657,autowired
658,inject
661,iso8601
670,key
675,directory
680,javac
686,intellij-inspections
689,reverse-engineering
690,decompiler
691,dex
701,identity
702,equality
703,object-comparison
713,invoke
720,filter
730,runtimeexception
731,checked-exceptions
732,unchecked-exception
740,vector
741,stack
742,deprecated
743,obsolete
748,android-fragments
749,android-context
752,abstract-class
757,assertion
770,maven-3
783,android-emulator
784,android-widget
788,java-7
789,m2eclipse
791,configuration
793,spring-3
802,warnings
804,tuples
805,std-pair
813,return-value
815,final
820,distinct-values
823,email
825,jakarta-mail
828,command-line-arguments
831,apache-commons
835,applet
836,version
841,format
842,simpledateformat
845,code-coverage
846,cobertura
847,emma
849,noclassdeffounderror
853,dto
854,pojo
857,option-type
876,iterator
881,onclick
882,onclicklistener
887,artifact
890,destructor
891,finalize
906,keystore
908,xml
910,xmlgregoriancalendar
916,parallel-processing
924,frameworks
926,bigdecimal
927,arithmeticexception
930,package
932,path
941,android-5.0-lollipop
942,floating-action-button
944,linux
946,wget
952,multiline
960,default-method
966,operating-system
968,ssl
969,https
973,java-time
985,abstract
989,decoupling
996,android-gradle-plugin
1001,floating-point
1003,double
1007,html
1020,one-to-many
1021,bag
1024,path-separator
1031,android-layout
1034,scala
1035,asynchronous
1036,akka
1042,adt
1044,hudson
1046,jenkins
1049,deployment
1052,key-value
1054,.net
1058,equals
1062,builder
1064,boolean
1065,boolean-logic
1069,vibration
1070,android-vibration
1074,64-bit
1075,32-bit
1082,import
1083,wildcard
1095,aop
1097,ubuntu
1100,localization
1102,gmt
1113,thread-sleep
1120,transactions
1121,dao
1133,cross-platform
1134,newline
1135,eol
1140,war
1150,boxing
1151,autoboxing
1154,algorithm
1160,duplicates
1164,syntax
1171,exe
1184,properties-file
1194,jsr310
1197,build-process
1200,checksum
1205,illegalargumentexception
1218,database
1219,android-room
1224,callable
1231,collectors
1232,c#
1235,xamarin
1236,dot42
1241,web-services
1242,soap
1246,conditional-statements
1247,string-comparison
1252,java-6
1258,substring
1274,sql
1277,jdbc
1282,circular-reference
1286,isolation
1287,propagation
1290,numbers
1291,int
1299,mysql
1301,connector
1309,folding
1317,data-structures
1318,tree
1324,compiler-errors
1325,cannot-find-symbol
1334,naming-conventions
1337,base64
1342,junit5
1343,junit-jupiter
1348,logging
1350,swing
1352,jframe
1355,native
1365,grails
1366,spring-bean
1377,code-conversion
1388,stack-overflow
1395,android-2.2-froyo
1403,gson
1406,apache-velocity
1409,code-formatting
1410,pretty-print
1411,eclipse-formatter
1414,parseint
1415,value-of
1431,iterable
1448,templates
1450,code-generation
1453,treeset
1464,date-format
1467,padding
1477,model-view-controller
1483,capitalize
1498,rest
1499,authentication
1500,jax-rs
1501,jersey-2.0
1503,instanceof
1509,increment
1517,timedelta
1518,java.util.date
1526,layout-manager
1530,timestamp
1537,unchecked
1538,suppress-warnings
1543,log-level
1547,diamond-operator
1549,predicate
1551,negate
1553,regex
1555,text-extraction
1558,fonts
1559,font-size
1568,spring-data
1584,multiple-versions
1585,homebrew-cask
1586,jenv
1588,operator-overloading
1594,colors
1599,java-17
1609,hibernateexception
1614,indexoutofboundsexception
1617,log4j
1621,character
1622,tokenize
1625,replace
1626,indexing
1629,static-class
1645,modifier
1646,static-import
1652,organization
1653,java-package
1665,orientation
1667,multidimensional-array
1679,uppercase
1680,lowercase
1681,capitalization
1690,language-features
1691,restriction
1694,charsequence
1708,tomcat
1728,executorservice
1731,jboss
1732,glassfish
1733,enterprise
1745,throwable
1748,atomicreference
1752,filenames
1761,http-status-code-400
1771,postman
1773,byte
1775,dump
1788,controller
1792,interrupted-exception
1799,spring-aop
1800,spring-jdbc
1801,transactional
1806,uuid
1807,guid
1811,httpwebrequest
1819,logback
1823,pom.xml
1828,comparison
1832,packaging
1834,console
1848,uml
1850,diagram
1857,primitive-types
1880,google-maps
1888,filesystems
1889,delete-directory
1902,windows-7
1903,java-home
1904,system-variable
1908,insert-id
1914,milliseconds
1926,modelattribute
1933,processing-efficiency
1945,certificate
1946,apache-httpclient-4.x
1948,postconstruct
1964,pid
1977,object-serialization
1985,outputstream
1991,screen
2000,httpserver
2010,refactoring
2012,code-metrics
2013,code-inspection
2021,encryption
2022,cryptography
2024,aes
2026,timer
2027,time-precision
2030,immutability
2035,locking
2041,keyboard-shortcuts
2049,unsigned
2051,priority-queue
2068,environment-variables
2073,resources
2082,temporary-directory
2084,utf-8
2085,character-encoding
2087,ant
2090,build-tools
2092,lombok
2096,language-design
2103,synchronization
2123,compilation
2125,intellij-13
2127,url-encoding
2157,android-handler
2165,spring-annotations
2167,post
2178,arguments
2182,double-brace-initialize
2216,reentrantlock
2221,eclipselink
2228,alarmmanager
2235,spring-test-mvc
2248,prepared-statement
2249,in-clause
2259,ordinal
2263,spring-rest
2273,future
2274,promise
2283,back-button
2288,event-handling
2289,anonymous-class
2292,adoptopenjdk
2295,calendar
2299,classnotfoundexception
2313,mime
2321,openshift
2325,maven-shade-plugin
2336,sharedpreferences
2337,preferenceactivity
2343,decode
2344,encode
2356,spring-cloud
2362,nullable
2369,static-initializer
2373,uberjar
2379,proxy
2388,hibernate-mapping
2393,jsr335
2399,functional-programming
2405,datetime-format
2410,days
2411,date-difference
2416,intellij-14
2418,retrofit
2419,retrofit2
2420,okhttp
2424,spring-batch
2458,osx-mavericks
2490,uri
2491,namevaluecollection
2493,image
2495,jpanel
2501,this
2509,meta-inf
2516,android-studio
2524,variables
2525,properties
2526,system
2527,environment
2539,backwards-compatibility
2542,constants
2546,call
2550,metrics
2552,network-programming
2554,hostname
2557,classname
2560,string-utils
2563,home-directory
2565,atomic
2578,http-post
2583,ioc-container
2591,jvm-arguments
2606,input
2612,non-static
2617,escaping
2622,embedded-resource
2625,database-connection
2628,background
2629,drawable
2632,jodatime
2636,arrayindexoutofboundsexception
2660,string.format
2666,textview
2667,onchange
2686,sockets
2687,ip
2695,persist
2710,apache-commons-collection
2712,ajax
2719,android-animation
2727,recursion
2729,nio
2761,java.util.calendar
2769,migration
2781,datasource
2785,c
2787,max
2788,bit
2798,flutter
2800,dart
2801,flutter-doctor
2806,compare
2809,registry
2819,adapter
2820,spinner
2824,yaml
2853,resultset
2856,http-request-parameters
2857,http-request-attribute
2864,eclipse-rcp
2876,default-value
2880,android-resources
2888,coding-style
2890,standards
2893,timeout
2894,httpresponse
2899,attributes
2905,sqlite
2913,type-safety
2924,bufferedreader
2936,semantics
2937,definition
2941,try-finally
2950,spring-security
2952,groovy
2956,diacritics
2962,spring-properties
2968,maven-surefire-plugin
2969,opendaylight
2978,maven-dependency-plugin
2995,maven-toolchains-plugin
3002,caching
3011,compiler-warnings
3023,android-styles
3026,exponentiation
3031,gradle-kotlin-dsl
3037,connection-pooling
3038,c3p0
3039,apache-commons-dbcp
3042,selenium
3045,java-me
3052,public-method
3067,listener
3070,type-erasure
3079,evaluation
3081,jsessionid
3086,tags
3092,hadoop
3093,hadoop2
3094,java.library.path
3099,ddl
3103,long-integer
3111,anonymous-inner-class
3115,nan
3120,preferences
3121,credentials
3125,g1gc
3131,bitmap
3132,bytebuffer
3154,record-count
3158,portlet
3168,join
3169,hql
3170,fetch
3180,dead-code
3184,static-block
3185,initialization-block
3193,sessionfactory
3194,hibernate-entitymanager
3203,continue
3209,php
3211,client-server
3212,httpconnection
3244,criteria
3245,hibernate-criteria
3253,keytool
3257,line-breaks
3271,factory-method
3274,permissions
3275,android-permissions
3283,cascade
3284,many-to-one
3305,scheduled-tasks
3306,scheduling
3309,javascript
3321,unix-timestamp
3325,web-applications
3343,atomicboolean
3350,integer-division
3353,post-increment
3356,sha256
3357,cryptographic-hash-function
3364,deep-copy
3380,system.exit
3390,project-structure
3391,text-search
3411,path-variables
3413,break
3418,filepath
3420,google-app-engine
3422,internationalization
3423,resourcebundle
3426,intersection
3431,jce
3436,closures
3437,function-pointers
3443,cron
3444,cronexpression
3445,spring-scheduled
3449,virtual-memory
3459,maven-compiler-plugin
